,Year,Latitude,Longitude
0,1977,44.62206921,-124.5862714
1,1977,44.35009805,-124.6173991
2,1977,41.14166904,-124.0224468
3,1980,47.58743088,-125.0371373
4,1982,57.79935437,-163.7309709
5,1982,58.35114856,-168.5640033
6,1982,58.63116981,-168.1476532
7,1982,58.69959793,-172.180616
8,1982,57.98084479,-162.7011526
9,1983,52.79123033,-187.4116777
10,1983,51.95904299,-175.4234417
11,1983,59.16760944,-171.228784
12,1983,58.14563148,-169.183894
13,1983,57.808871,-168.0021358
14,1983,58.79586018,-173.8910621
15,1983,58.1951144,-166.9718113
16,1983,48.29783471,-125.4223289
17,1983,45.95747556,-124.8438753
18,1983,47.26647746,-125.0452557
19,1984,58.17182137,-167.4491855
20,1984,58.11752651,-168.1298714
21,1984,57.12808178,-165.0407455
22,1984,58.00973514,-166.4537787
23,1984,58.43730611,-173.0604733
24,1984,58.3372908,-167.3114744
25,1984,57.80778164,-152.3864642
26,1984,57.67614624,-152.633502
27,1984,57.08421804,-141.9972229
28,1985,57.53631158,-167.9370438
29,1985,58.38975977,-168.8619047
30,1985,58.11536099,-165.7962715
31,1985,58.52095619,-168.4686345
32,1985,58.48873678,-172.8598137
33,1985,58.05012909,-166.3971682
34,1986,53.31517139,-168.7379512
35,1986,52.81791948,-177.1741791
36,1986,58.23699624,-168.337734
37,1986,58.79852604,-173.0016422
38,1986,57.63542415,-168.9842227
39,1986,58.78551596,-169.1218546
40,1986,58.45300163,-173.1971548
41,1986,58.51681758,-167.9280161
42,1986,47.93754517,-125.3151311
43,1986,46.54999423,-124.9157842
44,1986,45.03877595,-124.5974647
45,1987,58.00564683,-168.5916365
46,1987,57.5148579,-165.2246168
47,1987,58.73228395,-169.9968375
48,1987,58.35328223,-171.6823836
49,1987,59.5176483,-171.5925077
50,1987,58.95988689,-140.4699238
51,1987,55.66726002,-158.2461665
52,1987,58.35042477,-150.0259699
53,1987,57.94298451,-149.9301879
54,1987,56.75851121,-155.1957152
55,1987,56.48384921,-156.4519632
56,1987,56.99598794,-138.4577023
57,1987,59.49442329,-144.5357806
58,1988,58.32402712,-168.8878488
59,1988,58.62525241,-172.5240488
60,1988,58.20972048,-165.5502098
61,1988,58.01327995,-165.7076063
62,1988,58.16690107,-170.6789503
63,1988,58.08524377,-169.9320517
64,1989,58.53773551,-166.1697615
65,1989,58.11323057,-165.0025778
66,1989,58.30548193,-164.8245288
67,1989,58.37129593,-163.8604341
68,1989,58.61257952,-172.1386347
69,1989,58.06830302,-165.3803085
70,1989,33.6774078,-78.07855393
71,1989,31.92888313,-80.03043676
72,1989,32.37484232,-79.95010143
73,1989,32.17933458,-80.29921956
74,1989,31.73579994,-80.63689931
75,1989,33.09144374,-79.15156547
76,1989,32.23895426,-80.17397829
77,1989,31.80677929,-80.04305989
78,1989,33.91415068,-78.05085143
79,1989,47.8397949,-125.188034
80,1989,44.62993717,-124.7208866
81,1989,44.87558171,-124.5710653
82,1990,57.7794144,-165.5375647
83,1990,58.07126747,-165.728104
84,1990,57.99858618,-164.2609189
85,1990,57.96251543,-166.0994512
86,1990,58.71202737,-171.6559848
87,1990,57.88764186,-167.0279096
88,1990,59.34302594,-152.4292191
89,1990,57.92364402,-146.6144658
90,1990,58.04021718,-151.8200303
91,1990,57.98442183,-140.9760866
92,1990,57.76251349,-151.5907403
93,1990,56.69955103,-137.1264953
94,1990,55.57678745,-135.8616941
95,1990,59.19065281,-147.7476621
96,1990,32.31533507,-80.13544725
97,1990,32.68436195,-79.57104284
98,1990,32.59338234,-79.73262233
99,1990,33.53448329,-78.40527451
100,1990,31.83498866,-80.50550802
101,1990,32.01457509,-80.43854881
102,1990,32.67449171,-79.45619608
103,1990,31.45290981,-80.57538355
104,1990,32.99338337,-79.279728
105,1991,52.07495371,-177.7091778
106,1991,53.58501455,-168.377584
107,1991,52.64791841,-175.9968519
108,1991,52.10647557,-172.7762589
109,1991,57.33432168,-163.367181
110,1991,58.3864997,-170.3179596
111,1991,57.63882737,-162.9198529
112,1991,58.75791697,-167.9317259
113,1991,58.40692744,-172.2465075
114,1991,58.37575322,-170.9593422
115,1991,32.23115252,-80.25232156
116,1991,32.05310218,-80.16387111
117,1991,31.9058201,-80.34680727
118,1991,33.61339105,-78.43824809
119,1991,31.95987995,-80.46105194
120,1991,32.61895125,-79.55989938
121,1991,32.51107762,-80.00760188
122,1991,31.85420776,-80.22519218
123,1991,32.83681541,-79.30918161
124,1992,57.80995075,-168.0915279
125,1992,58.6603943,-172.8865702
126,1992,58.64095879,-173.9626464
127,1992,58.60177561,-169.9476202
128,1992,58.43011592,-173.4072336
129,1992,57.29836699,-169.8325363
130,1992,33.4896572,-78.85751193
131,1992,30.50085735,-80.80198699
132,1992,31.59352979,-80.73004175
133,1992,32.18357764,-80.31512065
134,1992,31.73235328,-80.74598463
135,1992,32.51526239,-79.86481253
136,1992,32.63480671,-79.84558784
137,1992,32.10121352,-79.98701448
138,1992,33.88452171,-78.15276698
139,1992,47.46694069,-125.2554135
140,1992,44.8315851,-124.7480195
141,1992,46.54752311,-125.0622197
142,1993,57.83475088,-166.9103552
143,1993,58.60043032,-172.1650935
144,1993,57.76207942,-163.6053229
145,1993,58.95455613,-173.1725473
146,1993,58.8313674,-173.8812235
147,1993,58.01170784,-170.2451539
148,1993,58.88170919,-149.2590582
149,1993,57.75113763,-152.3231302
150,1993,57.40031729,-153.8169076
151,1993,57.99879425,-148.6526401
152,1993,57.27891606,-150.0020392
153,1993,57.61087741,-156.5544274
154,1993,56.41278479,-135.850079
155,1993,56.51757581,-138.472884
156,1993,58.96752335,-140.5496095
157,1993,59.62693559,-146.4295635
158,1993,33.30807058,-79.1224544
159,1993,32.91708097,-79.28213781
160,1993,32.79422441,-79.54593872
161,1993,33.29685557,-78.91659622
162,1993,31.33521536,-80.91568934
163,1993,32.11739829,-80.38459752
164,1993,32.22212239,-80.26020935
165,1993,31.83388356,-80.4401598
166,1993,32.58532694,-79.53133951
167,1994,52.18893348,-177.3742026
168,1994,52.42228692,-172.7221912
169,1994,52.42491981,-180.3092559
170,1994,52.21887722,-177.0471871
171,1994,58.11179488,-163.825598
172,1994,58.89392209,-174.1753235
173,1994,57.47855065,-163.976188
174,1994,58.07923312,-166.6318761
175,1994,58.81506094,-172.917301
176,1994,59.29533154,-171.3484201
177,1994,32.72872573,-79.70129333
178,1994,32.28652642,-79.76953787
179,1994,31.96938609,-80.28843748
180,1994,33.37972452,-78.84735313
181,1994,31.72342636,-80.41426419
182,1994,32.72857609,-79.37422441
183,1994,32.83820818,-79.62507897
184,1994,31.13437463,-80.90259556
185,1994,33.60958491,-78.47714503
186,1995,57.11950186,-165.6454937
187,1995,58.41252822,-166.6005254
188,1995,57.68984911,-167.2782343
189,1995,58.19109569,-164.5459402
190,1995,58.80102274,-173.7112562
191,1995,58.31559497,-169.0187585
192,1995,33.43242554,-79.01951833
193,1995,32.44271849,-79.40327928
194,1995,32.06162779,-80.12785165
195,1995,33.47382511,-78.55337497
196,1995,32.47592045,-79.98070722
197,1995,32.74058536,-79.58225399
198,1995,33.07806664,-79.37421228
199,1995,32.10811957,-80.04434375
200,1995,33.50917389,-78.54958849
201,1995,47.86642327,-125.3126309
202,1995,47.82521256,-125.2757592
203,1995,43.72545354,-124.5903551
204,1996,57.50015099,-166.0095641
205,1996,58.29535367,-168.6011814
206,1996,56.73556823,-164.4119325
207,1996,58.97445054,-168.5274559
208,1996,58.58578019,-173.6036787
209,1996,58.10645341,-168.9750721
210,1996,55.71484482,-158.6038312
211,1996,56.37674696,-155.5864267
212,1996,57.35874425,-154.1037887
213,1996,57.9584968,-147.3400967
214,1996,57.85784931,-150.5906856
215,1996,55.34352001,-159.0028893
216,1996,56.57593855,-136.3032509
217,1996,56.95950367,-139.0323738
218,1996,53.57477264,-164.8245941
219,1996,58.67976859,-147.1724327
220,1996,33.10564957,-79.2677906
221,1996,32.53528286,-79.35914948
222,1996,32.86995461,-79.39828752
223,1996,34.28754412,-77.49194432
224,1996,30.92090535,-81.08568408
225,1996,31.60726361,-80.53809914
226,1996,32.96208773,-79.3787389
227,1996,30.83264002,-80.65498036
228,1996,33.704193,-78.38336357
229,1997,52.10513052,-177.1111649
230,1997,53.47908107,-168.3865402
231,1997,52.32657352,-176.6494035
232,1997,52.40924478,-179.4140751
233,1997,57.6070475,-163.1921462
234,1997,57.48120274,-166.6395646
235,1997,57.89837553,-162.5921528
236,1997,57.23964424,-165.4538937
237,1997,58.15686386,-171.6092461
238,1997,57.25435662,-164.7793204
239,1997,33.29156018,-79.09473711
240,1997,32.98944481,-79.37102556
241,1997,33.22464099,-79.1855738
242,1997,33.40976971,-78.83493119
243,1997,32.90271806,-79.26954451
244,1997,33.58614675,-78.63466715
245,1997,33.09938368,-79.3249327
246,1997,32.24132406,-79.96671505
247,1997,32.62572028,-79.80311459
248,1998,57.36281719,-167.8157109
249,1998,58.07647254,-166.9845555
250,1998,58.30673623,-165.7326062
251,1998,58.43861355,-168.3137581
252,1998,58.44338671,-172.541909
253,1998,59.22653686,-167.7950954
254,1998,33.44602282,-78.97845531
255,1998,33.0361853,-78.97759842
256,1998,32.38349592,-79.88243087
257,1998,33.72481128,-78.27269514
258,1998,31.8634301,-80.70245331
259,1998,34.09297925,-77.56620577
260,1998,32.4806906,-79.79197102
261,1998,32.10718914,-80.14780181
262,1998,31.9276102,-80.14121607
263,1998,46.54414968,-125.1119044
264,1998,46.47452808,-125.0620351
265,1998,43.58855153,-124.6014767
266,1999,57.8147966,-168.7426866
267,1999,57.81732965,-168.6581736
268,1999,57.68987158,-166.3434048
269,1999,57.99394228,-165.786924
270,1999,58.43111173,-172.2635273
271,1999,58.06085828,-168.0065026
272,1999,55.52656018,-157.3161719
273,1999,57.01390181,-154.1590593
274,1999,55.65081314,-160.191073
275,1999,58.00325064,-149.3861831
276,1999,58.57522815,-148.8176573
277,1999,59.45412628,-143.4977856
278,1999,56.65693127,-147.5965448
279,1999,57.00590847,-138.5113047
280,1999,58.64104633,-146.7980296
281,1999,34.19676543,-77.34740891
282,1999,33.18526513,-78.84645733
283,1999,32.79286246,-79.57092185
284,1999,34.21430555,-77.58844344
285,1999,31.84439781,-80.44184486
286,1999,31.20435081,-80.89564544
287,1999,31.63197583,-80.82680862
288,1999,32.5480006,-79.35888941
289,1999,33.11099534,-79.11182703
290,2000,52.21989686,-181.6049473
291,2000,53.39640246,-168.4599324
292,2000,52.86179296,-173.2470461
293,2000,52.39351533,-172.4114246
294,2000,58.09673295,-169.1996165
295,2000,57.93522559,-164.0546481
296,2000,58.32089516,-170.236275
297,2000,58.17237448,-172.7136442
298,2000,58.21657647,-165.7775163
299,2000,34.02087898,-77.62134529
300,2000,32.3564465,-79.54342232
301,2000,32.85255246,-79.27196213
302,2000,33.46379904,-78.75399908
303,2000,31.55911751,-80.52042142
304,2000,32.08625861,-80.43755107
305,2000,32.07162844,-80.32111954
306,2000,31.77142978,-80.14984882
307,2000,32.94600597,-79.40985093
308,2001,57.76727307,-169.2601999
309,2001,58.74562666,-170.2065034
310,2001,58.00844462,-169.213645
311,2001,58.68594236,-170.3906594
312,2001,58.47153743,-172.9057424
313,2001,59.31877717,-170.5933962
314,2001,34.73181216,-76.62605209
315,2001,32.65575324,-79.31600658
316,2001,32.87321256,-79.44074584
317,2001,33.80057571,-78.07770809
318,2001,31.03943542,-81.11500946
319,2001,32.36009361,-79.8687908
320,2001,32.05069477,-80.39062183
321,2001,30.28133657,-81.18195212
322,2001,32.73156696,-79.31659073
323,2001,48.3669783,-125.422111
324,2001,46.08151894,-124.9577359
325,2001,44.46731793,-124.5405104
326,2002,52.29281536,-176.1423458
327,2002,53.16242699,-169.618083
328,2002,52.53324956,-177.2671873
329,2002,52.44533142,-173.6875466
330,2002,58.1841909,-166.9505798
331,2002,57.87000179,-170.2088925
332,2002,58.22582102,-167.5121354
333,2002,59.05661789,-167.1422953
334,2002,58.68439965,-172.9444455
335,2002,59.30770709,-167.9504461
336,2002,33.874513,-77.86439417
337,2002,32.24345426,-79.53746144
338,2002,33.88759068,-77.78793766
339,2002,34.02453384,-77.65171614
340,2002,31.92713534,-80.37576855
341,2002,32.30944366,-80.02376477
342,2002,31.86932118,-80.15840242
343,2002,30.90508555,-80.8020609
344,2002,32.53965418,-79.89262559
345,2003,58.84557156,-172.2929162
346,2003,58.38468492,-169.3505466
347,2003,58.12659589,-167.9453683
348,2003,58.56810267,-167.1114156
349,2003,58.86895367,-173.3896159
350,2003,59.31691733,-167.6321379
351,2003,56.42401889,-155.1772724
352,2003,54.86123329,-161.8029287
353,2003,56.60972361,-154.7647662
354,2003,58.73716746,-146.0861883
355,2003,58.49601631,-147.5126112
356,2003,56.40239381,-156.8188789
357,2003,58.40634373,-145.9731664
358,2003,57.04469432,-140.6079907
359,2003,58.67314754,-149.3162969
360,2003,58.33075899,-146.586935
361,2003,33.04074883,-79.18197357
362,2003,32.25950711,-79.87983277
363,2003,31.45600334,-80.76618221
364,2003,34.36394292,-77.32894062
365,2003,31.37325244,-80.95735552
366,2003,32.30532664,-79.83329052
367,2003,31.7707188,-80.51610402
368,2003,30.71501918,-80.71247802
369,2003,33.27886438,-78.8732624
370,2003,47.26728979,-125.0481586
371,2003,45.46033703,-124.6306665
372,2003,40.91282779,-124.3695418
373,2003,45.58441062,-124.3206177
374,2004,51.96761792,-181.171109
375,2004,53.26474021,-168.7918291
376,2004,52.79919816,-176.68156
377,2004,51.69162981,-178.9851923
378,2004,58.26995788,-164.1284292
379,2004,58.31600931,-166.8726713
380,2004,58.03726975,-168.0033784
381,2004,58.7470716,-166.3096827
382,2004,58.8434333,-173.369207
383,2004,58.44797768,-168.5445418
384,2004,32.8225205,-79.51435899
385,2004,31.91843876,-79.84970767
386,2004,33.01861317,-79.38403425
387,2004,33.97144468,-77.74626828
388,2004,31.24357003,-80.90225812
389,2004,32.92068162,-79.24510325
390,2004,31.90645114,-80.54672523
391,2004,31.33407166,-80.58916145
392,2004,33.31628602,-78.64170309
393,2004,44.79935803,-124.6785395
394,2004,44.38784604,-124.6343712
395,2004,44.63672985,-124.6020875
396,2004,45.05151721,-124.6156315
397,2004,46.66711467,-124.9168664
398,2004,44.13444197,-124.5381018
399,2004,43.98652579,-124.4545266
400,2005,58.40798645,-169.0748671
401,2005,58.34405821,-169.264468
402,2005,57.49630399,-164.3423336
403,2005,58.9217418,-168.9125705
404,2005,58.90708363,-173.7663619
405,2005,58.81225556,-171.8542846
406,2005,56.38003386,-155.5338282
407,2005,55.19042661,-159.9065862
408,2005,58.06375427,-149.8822078
409,2005,58.04766749,-151.4708157
410,2005,59.41937611,-150.614416
411,2005,57.10593174,-150.9753358
412,2005,56.88334659,-138.0439122
413,2005,56.52178387,-155.7962367
414,2005,58.82494476,-147.7167252
415,2005,33.12039341,-78.79168983
416,2005,31.11249975,-80.39512746
417,2005,33.84308907,-78.33436901
418,2005,34.17126581,-77.53662929
419,2005,31.07923287,-80.31151506
420,2005,32.63609552,-79.52065347
421,2005,32.39120775,-80.06662015
422,2005,30.56669483,-80.97360665
423,2005,32.53155657,-79.14361925
424,2005,41.80777943,-124.4158751
425,2005,45.00992857,-124.5536957
426,2005,40.51647005,-123.5451896
427,2005,45.32116663,-124.6937568
428,2005,44.01891859,-124.6954707
429,2006,51.84187143,-180.6997993
430,2006,53.2135763,-169.3265189
431,2006,52.58855035,-175.476099
432,2006,52.45548755,-173.728831
433,2006,57.89968282,-168.0192331
434,2006,57.84989336,-166.4074734
435,2006,57.46115447,-165.8268367
436,2006,58.68482859,-172.7143082
437,2006,58.68881477,-172.0027111
438,2006,34.05079396,-77.98384579
439,2006,32.54741954,-79.75763142
440,2006,32.08090722,-80.24168071
441,2006,34.23359601,-77.5522277
442,2006,31.70284297,-80.50823896
443,2006,33.27041818,-79.12887092
444,2006,31.41619253,-80.96455117
445,2006,31.63450118,-80.21747234
446,2006,33.6680996,-78.41403364
447,2006,48.20103518,-125.2180091
448,2006,43.30878697,-124.5453967
449,2006,43.61036594,-124.422188
450,2006,44.78351678,-124.7077216
451,2007,56.25715671,-168.3234623
452,2007,57.89351572,-167.2549044
453,2007,57.79346553,-166.8459569
454,2007,58.95121187,-168.727666
455,2007,58.73233962,-172.9488698
456,2007,58.70470358,-170.9888748
457,2007,56.59262421,-155.2820575
458,2007,57.04044034,-153.4182399
459,2007,57.3645014,-152.3891806
460,2007,56.89632888,-154.2327296
461,2007,57.57188634,-153.4653412
462,2007,56.69835299,-153.1931642
463,2007,57.55982935,-139.8758922
464,2007,59.22187974,-148.792626
465,2007,58.0721726,-148.9452505
466,2007,33.12131317,-79.38480972
467,2007,32.33042846,-79.9246423
468,2007,31.86805212,-80.35628018
469,2007,34.10024615,-77.71151557
470,2007,32.34169496,-80.04427131
471,2007,32.56060473,-79.93298932
472,2007,32.28964665,-80.03380565
473,2007,31.24365218,-80.30585629
474,2007,31.36546235,-81.05843458
475,2007,48.20179357,-125.2167114
476,2007,44.65904141,-124.5391118
477,2007,46.36279912,-124.715462
478,2007,43.64054594,-124.5395397
479,2007,44.8727068,-124.5843549
480,2008,58.26230926,-167.5442289
481,2008,57.39803077,-165.9045803
482,2008,58.51820489,-170.2032732
483,2008,58.83069413,-173.4926967
484,2008,58.91263641,-171.6904823
485,2008,28.60831934,-86.92663419
486,2008,28.98274732,-93.94576324
487,2008,28.58736581,-84.89565832
488,2008,28.90708652,-89.88321151
489,2008,28.24374718,-94.19907926
490,2008,28.88474386,-92.76157109
491,2008,28.87064529,-89.92254952
492,2008,27.94961851,-91.39540422
493,2008,28.21448552,-94.93525407
494,2008,27.99751723,-94.0156802
495,2008,28.55734823,-92.44026661
496,2008,28.89595905,-92.44169608
497,2008,28.55113206,-93.3806921
498,2008,33.82982545,-77.93675307
499,2008,32.14981381,-79.89253448
500,2008,32.4099052,-79.5007558
501,2008,33.55883539,-78.38615776
502,2008,33.28848446,-78.91782763
503,2008,33.10930256,-78.99292472
504,2008,32.41334165,-79.92411043
505,2008,32.89870283,-78.87580851
506,2008,45.98027828,-124.7442216
507,2008,44.07928405,-124.5488863
508,2008,45.37218823,-124.6349672
509,2008,45.16464154,-124.5627786
510,2008,44.88315658,-124.6192093
511,2009,57.90962302,-169.1285592
512,2009,59.4387887,-171.7918374
513,2009,58.2316138,-169.3015291
514,2009,58.49847933,-173.4130085
515,2009,58.69406363,-170.2352927
516,2009,54.90413072,-161.7018033
517,2009,56.29106201,-156.1165613
518,2009,56.63548971,-156.138472
519,2009,58.02166774,-148.8233978
520,2009,57.15960842,-154.7494974
521,2009,57.19685634,-155.5068734
522,2009,57.59125088,-146.382829
523,2009,57.14990281,-138.1426872
524,2009,58.71863024,-150.5061149
525,2009,58.15257047,-151.3131358
526,2009,27.79431601,-84.9735343
527,2009,28.72962932,-93.50264747
528,2009,28.51204024,-84.89514741
529,2009,27.70399972,-83.5096674
530,2009,28.8393707,-90.73625162
531,2009,28.33763475,-93.84352314
532,2009,28.04687342,-88.76718612
533,2009,28.52182803,-86.36900728
534,2009,26.82721439,-94.27422495
535,2009,28.28179579,-94.15297718
536,2009,27.70357975,-94.04543987
537,2009,28.41188277,-93.15651526
538,2009,28.702664,-92.7632922
539,2009,28.67610331,-92.79470562
540,2009,34.00207323,-77.69726495
541,2009,31.20348721,-80.46569742
542,2009,32.41198062,-79.98588039
543,2009,34.35976554,-77.27131913
544,2009,30.70334552,-80.92024495
545,2009,32.6540379,-79.68440892
546,2009,31.59566009,-80.58235008
547,2009,30.47335426,-80.91600561
548,2009,32.42310847,-79.28502093
549,2009,45.27493889,-124.5325561
550,2009,44.26886864,-124.491031
551,2009,44.0969584,-124.3627231
552,2009,45.5125119,-124.5830311
553,2009,46.55248614,-124.8993317
554,2010,51.9565003,-180.3153791
555,2010,53.75124939,-168.1729134
556,2010,52.60120714,-179.8745539
557,2010,52.41634003,-171.703286
558,2010,57.84432459,-166.9331527
559,2010,57.60878399,-167.7339576
560,2010,58.54093854,-167.3326153
561,2010,58.6140763,-167.2070557
562,2010,58.59893909,-173.7820116
563,2010,59.17804893,-172.3298036
564,2010,28.69492784,-85.9855765
565,2010,28.56801506,-94.23045737
566,2010,27.51541869,-84.19186047
567,2010,27.72427973,-83.65713962
568,2010,29.18758392,-88.79188797
569,2010,27.94902658,-93.9701736
570,2010,27.93799363,-86.5605202
571,2010,28.42047242,-87.11729146
572,2010,28.17262654,-92.85459177
573,2010,28.60591716,-93.17183115
574,2010,27.81877689,-92.24305908
575,2010,28.07268596,-93.63469114
576,2010,28.51414851,-92.93166187
577,2010,28.778903,-92.93170465
578,2010,34.7601695,-76.48637632
579,2010,32.56401281,-79.39632664
580,2010,32.56727304,-79.7104319
581,2010,34.2587881,-77.5162922
582,2010,32.2778974,-79.95039978
583,2010,31.78558006,-80.42292053
584,2010,33.45198715,-78.36482181
585,2010,30.8223587,-80.97492216
586,2010,32.05810538,-79.93861085
587,2010,46.81552855,-124.9621821
588,2010,41.74359851,-124.3167501
589,2010,43.32884681,-124.2566821
590,2010,47.40413279,-124.9104135
591,2010,43.64201932,-124.7599186
592,2011,57.65388175,-168.1347144
593,2011,58.59029875,-166.6636927
594,2011,58.52652134,-169.2554583
595,2011,58.75021196,-173.6518642
596,2011,58.32876969,-169.6994939
597,2011,54.59989726,-162.9570677
598,2011,54.63205391,-162.35204
599,2011,55.69194571,-159.9549383
600,2011,58.20751575,-145.3761951
601,2011,58.61631295,-148.5319161
602,2011,55.70347216,-160.4422731
603,2011,57.53385641,-142.9292367
604,2011,56.66175649,-137.5471371
605,2011,56.13314729,-138.6247829
606,2011,27.83699571,-83.76689455
607,2011,28.08229048,-95.16596566
608,2011,26.719484,-83.63662801
609,2011,28.30147163,-83.93827806
610,2011,28.61831248,-90.27429452
611,2011,28.24500839,-94.21746306
612,2011,27.8368444,-88.88545809
613,2011,28.49058212,-87.66696394
614,2011,27.09947837,-96.2318261
615,2011,28.10507929,-95.45454751
616,2011,28.06345873,-92.08036095
617,2011,28.40358705,-92.85017538
618,2011,28.5520096,-93.60467875
619,2011,28.25070868,-93.87489202
620,2011,33.25520908,-78.39325329
621,2011,31.9369972,-80.40320002
622,2011,31.9362835,-80.31451657
623,2011,33.83058643,-77.8937931
624,2011,31.29231561,-80.87704281
625,2011,31.97279395,-80.4494481
626,2011,31.63096371,-80.91608787
627,2011,30.51646245,-81.27544764
628,2011,31.30251316,-80.61460935
629,2011,46.0262725,-124.8925586
630,2011,42.21349348,-124.1825493
631,2011,42.59749201,-124.095925
632,2011,45.00357815,-124.6321043
633,2012,52.2076275,-178.4016386
634,2012,53.84184668,-167.0211788
635,2012,52.40232608,-178.1698339
636,2012,52.3635946,-172.44843
637,2012,57.69853908,-166.8599257
638,2012,58.02270698,-167.1826514
639,2012,58.13285467,-164.7259206
640,2012,58.73161576,-173.3201709
641,2012,57.78968505,-168.4372647
642,2012,28.53414695,-84.67513795
643,2012,28.55082191,-94.84229697
644,2012,28.24742555,-83.96830499
645,2012,28.82611993,-89.96765444
646,2012,28.27341189,-93.75245131
647,2012,28.83330421,-86.31743177
648,2012,28.77865786,-87.69858877
649,2012,26.94957639,-95.19909422
650,2012,28.09719367,-95.35766095
651,2012,27.98683868,-93.1806639
652,2012,28.47412147,-91.86748455
653,2012,28.7293791,-93.23405826
654,2012,28.25443329,-94.96863588
655,2012,33.1961949,-78.85916858
656,2012,32.21852541,-79.52511544
657,2012,33.65291725,-78.28341921
658,2012,33.43183533,-78.46941792
659,2012,32.59599799,-79.80321415
660,2012,33.7692645,-78.28322334
661,2012,32.81077283,-79.11558798
662,2012,31.62844166,-80.30908327
663,2012,33.96325385,-78.06081141
664,2012,48.19503347,-125.2282782
665,2012,42.55953478,-124.2170172
666,2012,44.3649236,-124.4630223
667,2012,45.02161478,-124.6591484
668,2012,47.74571348,-125.127529
669,2013,57.61740546,-167.8973717
670,2013,59.42423502,-171.5361949
671,2013,58.72987977,-168.7246433
672,2013,58.24455499,-172.2184814
673,2013,57.98768423,-169.0250912
674,2013,57.43748714,-154.3968992
675,2013,59.26948211,-146.7446279
676,2013,58.21828142,-150.701587
677,2013,57.78038807,-153.3030448
678,2013,57.89086647,-153.586219
679,2013,58.40572465,-148.7482662
680,2013,58.65047229,-143.6813424
681,2013,58.64508758,-149.0443637
682,2013,58.21152648,-145.8683524
683,2013,28.32978254,-86.08166194
684,2013,29.11802653,-92.80794798
685,2013,27.04502411,-83.95138939
686,2013,27.80620093,-83.88164142
687,2013,28.97497454,-90.0596618
688,2013,28.48571865,-93.37048294
689,2013,28.35569115,-85.55878761
690,2013,28.71556182,-87.12513796
691,2013,28.11309446,-93.18804444
692,2013,28.07817935,-95.08805025
693,2013,28.27082097,-92.86973682
694,2013,28.71539965,-91.29295089
695,2013,28.83112187,-92.1389015
696,2013,28.41851198,-94.32280565
697,2013,33.35479511,-78.44388955
698,2013,31.88766038,-79.97896157
699,2013,32.88362117,-79.37436491
700,2013,34.56761742,-76.96082742
701,2013,32.67944594,-79.73535144
702,2013,32.58549492,-79.94106484
703,2013,31.40643053,-81.12828301
704,2013,32.08379841,-79.72805283
705,2013,32.82045175,-79.47628489
706,2013,43.8554919,-124.5207184
707,2013,41.42966852,-123.7920725
708,2013,44.07545346,-124.6786572
709,2013,45.21163468,-124.5434776
710,2014,52.44302216,-174.0228783
711,2014,53.09297068,-173.3821942
712,2014,52.33399661,-171.9964477
713,2014,58.12007244,-169.3679985
714,2014,58.2947564,-168.2860738
715,2014,58.48665826,-168.9552875
716,2014,58.0727934,-172.3808213
717,2014,58.82174962,-170.5438455
718,2014,28.06139398,-87.05352985
719,2014,28.76300371,-94.12129933
720,2014,28.75658033,-84.4511766
721,2014,28.33582303,-84.32112743
722,2014,28.3679037,-93.47234114
723,2014,28.67596254,-92.33821698
724,2014,28.11243048,-87.62263655
725,2014,28.80206375,-89.1037488
726,2014,28.10506078,-95.19224557
727,2014,28.14563946,-95.71447586
728,2014,28.20791292,-93.49510407
729,2014,28.42784076,-93.03109397
730,2014,28.63529698,-93.23615741
731,2014,28.472892,-93.67963399
732,2014,33.56026435,-78.52211231
733,2014,32.46012981,-79.78367757
734,2014,31.85623269,-80.4557854
735,2014,34.22035212,-77.48379275
736,2014,31.77007922,-80.0099433
737,2014,33.7596591,-78.24229804
738,2014,31.65536657,-80.70611511
739,2014,31.33523529,-80.60498554
740,2014,32.66558416,-79.59320771
741,2014,47.48364213,-124.9267564
742,2014,43.28802664,-124.4905928
743,2014,43.28892731,-124.4498301
744,2014,45.23962087,-124.7627443
745,2014,43.70450507,-124.7301721
746,2015,58.11224073,-170.0173128
747,2015,57.93553628,-168.5668807
748,2015,58.51802258,-169.5086956
749,2015,58.45649034,-172.5313026
750,2015,58.85349527,-167.3135827
751,2015,54.25323347,-163.2866004
752,2015,54.7628291,-162.0835973
753,2015,55.44987933,-159.0233018
754,2015,58.39355155,-147.8493869
755,2015,57.90531609,-150.0918691
756,2015,57.5804324,-151.8177464
757,2015,56.91050097,-136.40841
758,2015,57.64642018,-152.4913649
759,2015,58.76440584,-146.0329669
760,2015,28.55571631,-87.12071072
761,2015,28.86636086,-92.77400664
762,2015,28.12539228,-84.49680907
763,2015,28.13850306,-84.26622911
764,2015,28.46078427,-91.99230782
765,2015,28.83232592,-93.13611626
766,2015,28.44328929,-87.47882423
767,2015,28.24966344,-85.23916805
768,2015,27.71460826,-94.3472549
769,2015,28.43713883,-93.90856643
770,2015,28.2008323,-92.89183437
771,2015,28.43442164,-92.23632777
772,2015,28.71783785,-93.44527741
773,2015,28.30455381,-93.80806852
774,2015,34.69464851,-76.70004415
775,2015,32.42070068,-79.38338582
776,2015,32.07433949,-80.28663268
777,2015,33.52758741,-78.48082557
778,2015,32.08123036,-80.10116989
779,2015,32.10532482,-80.18952129
780,2015,31.90246568,-80.37711884
781,2015,31.08359584,-80.38672675
782,2015,32.13726268,-79.94599339
783,2015,47.74947148,-125.1902615
784,2015,45.41597436,-124.6887004
785,2015,40.92594214,-123.7471843
786,2015,46.13650605,-124.4798488
787,2016,53.72207939,-168.3063961
788,2016,53.89569516,-166.850872
789,2016,53.41987528,-171.494796
790,2016,52.40563748,-172.2483396
791,2016,58.78489547,-173.8167959
792,2016,58.62378757,-171.4571383
793,2016,57.35093067,-166.3317502
794,2016,58.40295741,-169.3451011
795,2016,58.79827304,-172.7039651
796,2016,58.65872563,-173.6414945
797,2016,27.60275263,-87.22154743
798,2016,28.6730101,-93.52715867
799,2016,29.09440725,-85.22182243
800,2016,28.53919447,-85.78160952
801,2016,28.27661901,-92.28267636
802,2016,28.34603956,-93.5327189
803,2016,27.73507198,-90.28530275
804,2016,28.21180272,-85.40483591
805,2016,27.37399862,-94.91877163
806,2016,28.5675452,-94.02925188
807,2016,28.43666306,-91.22527961
808,2016,28.55204647,-93.2563599
809,2016,28.71236619,-93.07725955
810,2016,28.45424839,-94.58200484
811,2016,33.77384547,-77.94431373
812,2016,33.7022672,-78.14103346
813,2016,33.49578843,-78.4355836
814,2016,34.24466193,-77.48611498
815,2016,33.17259062,-79.00721656
816,2016,32.56559998,-79.75099626
817,2016,32.90515285,-79.27353231
818,2016,31.22329393,-80.5518407
819,2016,32.57114168,-79.82817524
820,2016,46.5663709,-124.7482451
821,2016,43.87776108,-124.586707
822,2016,43.77980498,-124.2747896
823,2016,46.45581385,-124.5927066
824,2016,45.24812291,-124.548074
825,2017,58.91689361,-173.0488058
826,2017,57.92167859,-169.0000593
827,2017,59.00312796,-170.1767972
828,2017,59.26060484,-172.1320447
829,2017,58.31123609,-169.2461764
830,2017,55.00774515,-160.6946874
831,2017,57.40404568,-143.7421364
832,2017,58.3031414,-149.68064
833,2017,57.34877099,-153.6716816
834,2017,58.47800527,-142.0421554
835,2017,56.9657778,-138.0789021
836,2017,55.34145957,-159.1234898
837,2017,59.42482387,-147.3805774
838,2017,28.51167843,-90.36619787
839,2017,28.85368647,-93.23668129
840,2017,27.42867622,-84.53102369
841,2017,28.30095386,-84.24552776
842,2017,28.4597573,-90.56743786
843,2017,28.25303006,-93.21877086
844,2017,28.02576317,-84.9845765
845,2017,28.75589308,-87.04885938
846,2017,29.16684957,-89.87598591
847,2017,28.50314567,-94.21233978
848,2017,28.57640986,-90.13982537
849,2017,28.62107382,-92.05472548
850,2017,28.79627762,-93.22062069
851,2017,28.28564692,-94.45847534
852,2017,34.32725474,-77.08833005
853,2017,31.59974468,-79.64482809
854,2017,33.37966093,-78.83256103
855,2017,34.53130849,-77.06078553
856,2017,33.31371313,-78.86070625
857,2017,32.3974307,-80.03219693
858,2017,32.6635419,-79.44696406
859,2017,31.3009972,-80.56727524
860,2017,33.30491911,-78.69534496
861,2017,47.03206853,-125.0606628
862,2017,45.73432213,-124.7663732
863,2017,43.77300607,-124.3895256
864,2017,45.82753246,-124.6985917
865,2017,42.66741381,-124.3301978
866,2018,52.35242427,-176.9582633
867,2018,52.45275987,-174.2229517
868,2018,52.45683856,-178.9558827
869,2018,58.15622401,-170.2453019
870,2018,57.49649672,-166.5358909
871,2018,58.40062043,-169.7168331
872,2018,58.70999629,-172.7012416
873,2018,59.30327712,-170.3729619
874,2018,33.47364438,-78.42375252
875,2018,31.77325393,-79.91880439
876,2018,31.50743196,-80.41802105
877,2018,32.06264344,-80.23084656
878,2018,31.72612649,-79.85888428
879,2018,31.32163431,-81.02802971
880,2018,43.49716016,-124.4959947
881,2018,43.26036671,-124.375882
882,2018,45.2612088,-124.6872453
883,2018,44.71105189,-124.5869478
884,2019,28.97293798,-90.50630538
885,2019,27.03358749,-83.93038446
886,2019,27.95855926,-83.61448014
887,2019,29.090959,-89.92895515
888,2019,28.20508004,-83.89902704
889,2019,28.35813331,-84.17405222
890,2019,27.85687104,-83.67990742
891,2019,28.00426576,-86.8507671
